item_id,domain_id,domain_label,scale_min,scale_max,scale_labels,item_stem
B1,psychometric,Psychometric indicators,1,7,"1=Strongly Disagree;2=Disagree;3=Somewhat Disagree;4=Neutral;5=Somewhat Agree;6=Agree;7=Strongly Agree",A borrower who demonstrates strong financial discipline is more likely to receive the recommendation for loan approval.
B2,psychometric,Psychometric indicators,1,7,"1=Strongly Disagree;2=Disagree;3=Somewhat Disagree;4=Neutral;5=Somewhat Agree;6=Agree;7=Strongly Agree",A borrower's commitment to repaying financial obligations positively influences loan approval decisions.
B3,psychometric,Psychometric indicators,1,7,"1=Strongly Disagree;2=Disagree;3=Somewhat Disagree;4=Neutral;5=Somewhat Agree;6=Agree;7=Strongly Agree",Evidence that a borrower plans and manages finances responsibly positively influences lending decisions.
B4,psychometric,Psychometric indicators,1,7,"1=Strongly Disagree;2=Disagree;3=Somewhat Disagree;4=Neutral;5=Somewhat Agree;6=Agree;7=Strongly Agree",A borrower who demonstrates confidence in managing financial responsibilities is more likely to be considered creditworthy.
B5,psychometric,Psychometric indicators,1,7,"1=Strongly Disagree;2=Disagree;3=Somewhat Disagree;4=Neutral;5=Somewhat Agree;6=Agree;7=Strongly Agree","Psychological characteristics such as responsibility, self-control, and commitment provide valuable information beyond traditional financial records when making lending decisions."
C6,social,Social capital,1,7,"1=Strongly Disagree;2=Disagree;3=Somewhat Disagree;4=Neutral;5=Somewhat Agree;6=Agree;7=Strongly Agree",A borrower's positive reputation within the community increases confidence in approving a loan application.
C7,social,Social capital,1,7,"1=Strongly Disagree;2=Disagree;3=Somewhat Disagree;4=Neutral;5=Somewhat Agree;6=Agree;7=Strongly Agree",Strong peer recommendations positively influence the assessment of borrower reliability.
C8,social,Social capital,1,7,"1=Strongly Disagree;2=Disagree;3=Somewhat Disagree;4=Neutral;5=Somewhat Agree;6=Agree;7=Strongly Agree",Active participation in community or business groups increases the confidence in the borrower's creditworthiness.
C9,social,Social capital,1,7,"1=Strongly Disagree;2=Disagree;3=Somewhat Disagree;4=Neutral;5=Somewhat Agree;6=Agree;7=Strongly Agree",Evidence of strong community trust reduces uncertainty when making lending decisions.
C10,social,Social capital,1,7,"1=Strongly Disagree;2=Disagree;3=Somewhat Disagree;4=Neutral;5=Somewhat Agree;6=Agree;7=Strongly Agree",Social relationships and community support provide useful information beyond traditional financial indicators when evaluating loan applications.
D11,behavioral,Behavioral economics,1,7,"1=Strongly Disagree;2=Disagree;3=Somewhat Disagree;4=Neutral;5=Somewhat Agree;6=Agree;7=Strongly Agree",Evidence that a borrower makes consistent financial decisions increases confidence in the borrower's ability to repay.
D12,behavioral,Behavioral economics,1,7,"1=Strongly Disagree;2=Disagree;3=Somewhat Disagree;4=Neutral;5=Somewhat Agree;6=Agree;7=Strongly Agree",Borrowers who avoid impulsive financial decisions are more likely to receive loan approval.
D13,behavioral,Behavioral economics,1,7,"1=Strongly Disagree;2=Disagree;3=Somewhat Disagree;4=Neutral;5=Somewhat Agree;6=Agree;7=Strongly Agree",A borrower who demonstrates responsible behaviour when managing financial risks is viewed more favourably during credit assessment.
D14,behavioral,Behavioral economics,1,7,"1=Strongly Disagree;2=Disagree;3=Somewhat Disagree;4=Neutral;5=Somewhat Agree;6=Agree;7=Strongly Agree",Behavioural information improves the assessment of creditworthiness beyond traditional financial records.
D15,behavioral,Behavioral economics,1,7,"1=Strongly Disagree;2=Disagree;3=Somewhat Disagree;4=Neutral;5=Somewhat Agree;6=Agree;7=Strongly Agree",Behavioural characteristics improve the quality of responsible lending decisions.
E16,readiness,Organizational readiness,1,7,"1=Strongly Disagree;2=Disagree;3=Somewhat Disagree;4=Neutral;5=Somewhat Agree;6=Agree;7=Strongly Agree",Organizational leadership supports the adoption of alternative creditworthiness assessment methods.
E17,readiness,Organizational readiness,1,7,"1=Strongly Disagree;2=Disagree;3=Somewhat Disagree;4=Neutral;5=Somewhat Agree;6=Agree;7=Strongly Agree",The organization has clear policies governing the responsible use of alternative borrower information.
E18,readiness,Organizational readiness,1,7,"1=Strongly Disagree;2=Disagree;3=Somewhat Disagree;4=Neutral;5=Somewhat Agree;6=Agree;7=Strongly Agree",The organization has adequate technological capability to implement alternative creditworthiness models.
E19,readiness,Organizational readiness,1,7,"1=Strongly Disagree;2=Disagree;3=Somewhat Disagree;4=Neutral;5=Somewhat Agree;6=Agree;7=Strongly Agree",Employees receive sufficient training to evaluate alternative creditworthiness indicators responsibly.
E20,readiness,Organizational readiness,1,7,"1=Strongly Disagree;2=Disagree;3=Somewhat Disagree;4=Neutral;5=Somewhat Agree;6=Agree;7=Strongly Agree",The organization is prepared to integrate alternative creditworthiness models into routine lending decisions while maintaining ethical and regulatory standards.
F21,inclusiveDecision,Inclusive decision-making,1,7,"1=Strongly Disagree;2=Disagree;3=Somewhat Disagree;4=Neutral;5=Somewhat Agree;6=Agree;7=Strongly Agree",Creditworthy borrowers should be considered for loan approval even when they have limited traditional financial documentation.
F22,inclusiveDecision,Inclusive decision-making,1,7,"1=Strongly Disagree;2=Disagree;3=Somewhat Disagree;4=Neutral;5=Somewhat Agree;6=Agree;7=Strongly Agree",Lending decisions should balance responsible risk management with financial inclusion.
F23,inclusiveDecision,Inclusive decision-making,1,7,"1=Strongly Disagree;2=Disagree;3=Somewhat Disagree;4=Neutral;5=Somewhat Agree;6=Agree;7=Strongly Agree",Fairness and ethical responsibility should be considered when making lending decisions.
F24,inclusiveDecision,Inclusive decision-making,1,7,"1=Strongly Disagree;2=Disagree;3=Somewhat Disagree;4=Neutral;5=Somewhat Agree;6=Agree;7=Strongly Agree",Alternative creditworthiness information can improve responsible lending decisions without compromising credit quality.
F25,inclusiveDecision,Inclusive decision-making,1,7,"1=Strongly Disagree;2=Disagree;3=Somewhat Disagree;4=Neutral;5=Somewhat Agree;6=Agree;7=Strongly Agree",Incorporating alternative creditworthiness indicators leads to more responsible and inclusive lending decisions.
